{"numFailedTestSuites":0,"numFailedTests":0,"numPassedTestSuites":1,"numPassedTests":12,"numPendingTestSuites":0,"numPendingTests":0,"numRuntimeErrorTestSuites":0,"numTodoTests":0,"numTotalTestSuites":1,"numTotalTests":12,"openHandles":[],"snapshot":{"added":0,"didUpdate":false,"failure":false,"filesAdded":0,"filesRemoved":0,"filesRemovedList":[],"filesUnmatched":0,"filesUpdated":0,"matched":0,"total":0,"unchecked":0,"uncheckedKeysByFile":[],"unmatched":0,"updated":0},"startTime":1719700789575,"success":true,"testResults":[{"assertionResults":[{"ancestorTitles":[],"duration":7,"failureDetails":[],"failureMessages":[],"fullName":"Challenge 1.1: Axios isteğinde ip adresi ipAdresimiAl fonksiyonu ile dinamik alınıyor.","invocations":1,"location":null,"numPassingAsserts":1,"retryReasons":[],"status":"passed","title":"Challenge 1.1: Axios isteğinde ip adresi ipAdresimiAl fonksiyonu ile dinamik alınıyor."},{"ancestorTitles":[],"duration":400,"failureDetails":[],"failureMessages":[],"fullName":"Challenge 1.2: Axios ile ip adresi sorgusu doğru şekilde atılıyor ve doğru formatta bir obje dönüyor.","invocations":1,"location":null,"numPassingAsserts":3,"retryReasons":[],"status":"passed","title":"Challenge 1.2: Axios ile ip adresi sorgusu doğru şekilde atılıyor ve doğru formatta bir obje dönüyor."},{"ancestorTitles":[],"duration":1,"failureDetails":[],"failureMessages":[],"fullName":"Challenge 2.1: card oluştur fonksiyonuna div.card eklenmiş","invocations":1,"location":null,"numPassingAsserts":1,"retryReasons":[],"status":"passed","title":"Challenge 2.1: card oluştur fonksiyonuna div.card eklenmiş"},{"ancestorTitles":[],"duration":4,"failureDetails":[],"failureMessages":[],"fullName":"Challenge 2.2: div.card a child olarak ülke bayrağı doğru şekilde eklenmiş","invocations":1,"location":null,"numPassingAsserts":1,"retryReasons":[],"status":"passed","title":"Challenge 2.2: div.card a child olarak ülke bayrağı doğru şekilde eklenmiş"},{"ancestorTitles":[],"duration":3,"failureDetails":[],"failureMessages":[],"fullName":"Challenge 2.3: div.card içine div.card-info eklenmiş","invocations":1,"location":null,"numPassingAsserts":2,"retryReasons":[],"status":"passed","title":"Challenge 2.3: div.card içine div.card-info eklenmiş"},{"ancestorTitles":[],"duration":2,"failureDetails":[],"failureMessages":[],"fullName":"Challenge 2.4: div.card-info içine ip adresi doğru şekilde, h3 tagi ile eklenmiş","invocations":1,"location":null,"numPassingAsserts":2,"retryReasons":[],"status":"passed","title":"Challenge 2.4: div.card-info içine ip adresi doğru şekilde, h3 tagi ile eklenmiş"},{"ancestorTitles":[],"duration":2,"failureDetails":[],"failureMessages":[],"fullName":"Challenge 2.5: div.card-info içine ülke bilgisi doğru şekilde, p tagi ile doğru sırada eklenmiş","invocations":1,"location":null,"numPassingAsserts":2,"retryReasons":[],"status":"passed","title":"Challenge 2.5: div.card-info içine ülke bilgisi doğru şekilde, p tagi ile doğru sırada eklenmiş"},{"ancestorTitles":[],"duration":0,"failureDetails":[],"failureMessages":[],"fullName":"Challenge 2.6: div.card-info içine enlem ve boylam bilgisi doğru şekilde, p tagi ile doğru sırada eklenmiş","invocations":1,"location":null,"numPassingAsserts":1,"retryReasons":[],"status":"passed","title":"Challenge 2.6: div.card-info içine enlem ve boylam bilgisi doğru şekilde, p tagi ile doğru sırada eklenmiş"},{"ancestorTitles":[],"duration":0,"failureDetails":[],"failureMessages":[],"fullName":"Challenge 2.7: div.card-info içine şehir bilgisi doğru şekilde, p tagi ile doğru sırada eklenmiş","invocations":1,"location":null,"numPassingAsserts":1,"retryReasons":[],"status":"passed","title":"Challenge 2.7: div.card-info içine şehir bilgisi doğru şekilde, p tagi ile doğru sırada eklenmiş"},{"ancestorTitles":[],"duration":1,"failureDetails":[],"failureMessages":[],"fullName":"Challenge 2.8: div.card-info içine saat dilimi bilgisi doğru şekilde, p tagi ile doğru sırada eklenmiş","invocations":1,"location":null,"numPassingAsserts":1,"retryReasons":[],"status":"passed","title":"Challenge 2.8: div.card-info içine saat dilimi bilgisi doğru şekilde, p tagi ile doğru sırada eklenmiş"},{"ancestorTitles":[],"duration":3,"failureDetails":[],"failureMessages":[],"fullName":"Challenge 2.9: div.card-info içine para birimi bilgisi doğru şekilde, p tagi ile doğru sırada eklenmiş","invocations":1,"location":null,"numPassingAsserts":1,"retryReasons":[],"status":"passed","title":"Challenge 2.9: div.card-info içine para birimi bilgisi doğru şekilde, p tagi ile doğru sırada eklenmiş"},{"ancestorTitles":[],"duration":1,"failureDetails":[],"failureMessages":[],"fullName":"Challenge 2.10: div.card-info içine ISP(İnternet Servis Sağlayıcı) bilgisi doğru şekilde, p tagi ile doğru sırada eklenmiş","invocations":1,"location":null,"numPassingAsserts":1,"retryReasons":[],"status":"passed","title":"Challenge 2.10: div.card-info içine ISP(İnternet Servis Sağlayıcı) bilgisi doğru şekilde, p tagi ile doğru sırada eklenmiş"}],"endTime":1719700793396,"message":"","name":"/home/projects/vitejs-vite-ylhqhw/index.test.js","startTime":1719700789842,"status":"passed","summary":""}],"wasInterrupted":false}
